Month,Payment,Principal,Interest,Balance
1,6599.557392166587,2432.8907254999203,4166.666666666667,997567.1092745
2,6599.557392166587,2443.027770189504,4156.5296219770835,995124.0815043106
3,6599.557392166587,2453.2070525652935,4146.350339601294,992670.8744517453
4,6599.557392166587,2463.428748617649,4136.128643548938,990207.4457031277
5,6599.557392166587,2473.6930350702223,4125.864357096365,987733.7526680575
6,6599.557392166587,2484.0000893830147,4115.557302783573,985249.7525786745
7,6599.557392166587,2494.350089755444,4105.207302411143,982755.402488919
8,6599.557392166587,2504.743215129425,4094.814177037162,980250.6592737895
9,6599.557392166587,2515.1796451924642,4084.377746974123,977735.479628597
10,6599.557392166587,2525.6595603807664,4073.897831785821,975209.8200682163
11,6599.557392166587,2536.1831418823526,4063.3742502842347,972673.636926334
12,6599.557392166587,2546.7505716401956,4052.8068205263917,970126.8863546938
13,6599.557392166587,2557.362032355363,4042.195359811224,967569.5243223384
14,6599.557392166587,2568.017707490177,4031.53968467641,965001.5066148483
15,6599.557392166587,2578.7177812713862,4020.839610895201,962422.7888335768
16,6599.557392166587,2589.4624386933506,4010.0949534732367,959833.3263948835
17,6599.557392166587,2600.25186552124,3999.3055266453475,957233.0745293623
18,6599.557392166587,2611.086248294245,3988.4711438723425,954621.988281068
19,6599.557392166587,2621.965774328804,3977.5916178377834,952000.0225067392
20,6599.557392166587,2632.8906317218407,3966.6667604447466,949367.1318750174
21,6599.557392166587,2643.8610093540146,3955.6963828125727,946723.2708656634
22,6599.557392166587,2654.87709689299,3944.6802952735975,944068.3937687704
23,6599.557392166587,2665.9390847967106,3933.6183073698767,941402.4546839737
24,6599.557392166587,2677.047164316697,3922.5102278498903,938725.4075196569
25,6599.557392166587,2688.20152750135,3911.3558646652373,936037.2059921556
26,6599.557392166587,2699.4023671992722,3900.155024967315,933337.8036249563
27,6599.557392166587,2710.6498770626026,3888.9075151039847,930627.1537478936
28,6599.557392166587,2721.944251550364,3877.6131406162235,927905.2094963433
29,6599.557392166587,2733.2856859318235,3866.2717062347638,925171.9238104115
30,6599.557392166587,2744.6743762898727,3854.8830158767146,922427.2494341217
31,6599.557392166587,2756.110519524414,3843.4468726421733,919671.1389145972
32,6599.557392166587,2767.5943133557657,3831.9630788108216,916903.5446012415
33,6599.557392166587,2779.1259563280814,3820.431435838506,914124.4186449134
34,6599.557392166587,2790.7056478127815,3808.8517443538058,911333.7129971005
35,6599.557392166587,2802.3335880120017,3797.2238041545857,908531.3794090885
36,6599.557392166587,2814.009977962052,3785.5474142045355,905717.3694311265
37,6599.557392166587,2825.7350195368936,3773.8223726296937,902891.6344115896
38,6599.557392166587,2837.508915451631,3762.0484767149565,900054.125496138
39,6599.557392166587,2849.3318692660123,3750.225522900575,897204.793626872
40,6599.557392166587,2861.204085387954,3738.3533067786334,894343.589541484
41,6599.557392166587,2873.125769077071,3726.4316230895165,891470.4637724069
42,6599.557392166587,2885.097126448225,3714.4602657183623,888585.3666459587
43,6599.557392166587,2897.1183644750927,3702.4390276914946,885688.2482814837
44,6599.557392166587,2909.1896909937386,3690.3677011728487,882779.0585904899
45,6599.557392166587,2921.3113147062127,3678.2460774603746,879857.7472757837
46,6599.557392166587,2933.4834451841552,3666.073946982432,876924.2638305995
47,6599.557392166587,2945.7062928724226,3653.8510992941647,873978.557537727
48,6599.557392166587,2957.9800690927245,3641.5773230738628,871020.5774686344
49,6599.557392166587,2970.3049860472775,3629.25240611931,868050.272482587
50,6599.557392166587,2982.6812568224746,3616.8761353441128,865067.5912257646
51,6599.557392166587,2995.109095392568,3604.448296774019,862072.4821303721
52,6599.557392166587,3007.58871662337,3591.968675543217,859064.8934137487
53,6599.557392166587,3020.120336275968,3579.4370558906194,856044.7730774727
54,6599.557392166587,3032.7041710104513,3566.853221156136,853012.0689064623
55,6599.557392166587,3045.3404383896614,3554.216953776926,849966.7284680726
56,6599.557392166587,3058.0293568829516,3541.5280352836357,846908.6991111897
57,6599.557392166587,3070.7711458699637,3528.7862462966236,843837.9279653197
58,6599.557392166587,3083.566025644422,3515.991366522165,840754.3619396753
59,6599.557392166587,3096.41421741794,3503.143174748647,837657.9477222573
60,6599.557392166587,3109.3159433238484,3490.241448842739,834548.6317789335
61,6599.557392166587,3122.2714264210313,3477.285965745556,831426.3603525124
62,6599.557392166587,3135.2808906977857,3464.2765014688016,828291.0794618147
63,6599.557392166587,3148.3445610756926,3451.2128310908947,825142.734900739
64,6599.557392166587,3161.462663413508,3438.0947287530794,821981.2722373256
65,6599.557392166587,3174.6354245110642,3424.921967655523,818806.6368128145
66,6599.557392166587,3187.8630721131935,3411.6943200533938,815618.7737407013
67,6599.557392166587,3201.1458349136656,3398.4115572529217,812417.6279057876
68,6599.557392166587,3214.4839425591395,3385.073449607448,809203.1439632284
69,6599.557392166587,3227.8776256531355,3371.679766513452,805975.2663375753
70,6599.557392166587,3241.327115760024,3358.2302764065635,802733.9392218152
71,6599.557392166587,3254.832645409024,3344.7247467575635,799479.1065764062
72,6599.557392166587,3268.394448098228,3331.162944068359,796210.7121283079
73,6599.557392166587,3282.012758298638,3317.5446338679494,792928.6993700092
74,6599.557392166587,3295.6878114582155,3303.869580708372,789633.011558551
75,6599.557392166587,3309.419844005958,3290.137548160629,786323.591714545
76,6599.557392166587,3323.209093355983,3276.3482988106043,783000.382621189
77,6599.557392166587,3337.0557979116334,3262.501594254954,779663.3268232774
78,6599.557392166587,3350.960197069598,3248.5971950969893,776312.3666262078
79,6599.557392166587,3364.9225312240546,3234.6348609425327,772947.4440949837
80,6599.557392166587,3378.9430417708218,3220.6143503957655,769568.5010532129
81,6599.557392166587,3393.0219711115337,3206.5354210550536,766175.4790821014
82,6599.557392166587,3407.1595626578314,3192.397829508756,762768.3195194436
83,6599.557392166587,3421.3560608355724,3178.201331331015,759346.963458608
84,6599.557392166587,3435.611711089054,3163.945681077533,755911.351747519
85,6599.557392166587,3449.9267598852584,3149.630632281329,752461.4249876337
86,6599.557392166587,3464.3014547181137,3135.2559374484736,748997.1235329156
87,6599.557392166587,3478.736044112772,3120.821348053815,745518.3874888028
88,6599.557392166587,3493.230777629909,3106.3266145366783,742025.1567111729
89,6599.557392166587,3507.7859058700337,3091.7714862965536,738517.3708053029
90,6599.557392166587,3522.4016804778253,3077.155711688762,734994.9691248251
91,6599.557392166587,3537.078354146483,3062.4790380201043,731457.8907706786
92,6599.557392166587,3551.816180622093,3047.7412115444945,727906.0745900566
93,6599.557392166587,3566.6154147080183,3032.941977458569,724339.4591753485
94,6599.557392166587,3581.476312269302,3018.0810798972852,720757.9828630792
95,6599.557392166587,3596.399130237091,3003.1582619294963,717161.5837328421
96,6599.557392166587,3611.3841266130785,2988.173265553509,713550.1996062291
97,6599.557392166587,3626.4315604739663,2973.125831692621,709923.7680457551
98,6599.557392166587,3641.541691975941,2958.0157001906464,706282.2263537792
99,6599.557392166587,3656.714782359174,2942.8426098074133,702625.51157142
100,6599.557392166587,3671.9510939523375,2927.60629821425,698953.5604774677
101,6599.557392166587,3687.2508901771384,2912.306501989449,695266.3095872906
102,6599.557392166587,3702.6144355528763,2896.942956613711,691563.6951517378
103,6599.557392166587,3718.041995701013,2881.515396465574,687845.6531560367
104,6599.557392166587,3733.5338373497675,2866.02355481682,684112.119318687
105,6599.557392166587,3749.090228338725,2850.4671638278624,680363.0290903483
106,6599.557392166587,3764.7114376234695,2834.845954543118,676598.3176527248
107,6599.557392166587,3780.397735280234,2819.1596568863533,672817.9199174446
108,6599.557392166587,3796.1493925105683,2803.407999656019,669021.770524934
109,6599.557392166587,3811.966681646029,2787.5907105205583,665209.803843288
110,6599.557392166587,3827.849876152887,2771.7075160137,661381.953967135
111,6599.557392166587,3843.799250636858,2755.7581415297295,657538.1547164982
112,6599.557392166587,3859.815080847845,2739.7423113187424,653678.3396356504
113,6599.557392166587,3875.8976436847106,2723.6597484818767,649802.4419919656
114,6599.557392166587,3892.0472172000636,2707.5101749665237,645910.3947747656
115,6599.557392166587,3908.264080605064,2691.2933115615233,642002.1306941605
116,6599.557392166587,3924.548514274252,2675.0088778923355,638077.5821798862
117,6599.557392166587,3940.900799750395,2658.6565924161923,634136.6813801358
118,6599.557392166587,3957.321219749355,2642.2361724172324,630179.3601603864
119,6599.557392166587,3973.8100581649774,2625.74733400161,626205.5501022214
120,6599.557392166587,3990.367600073998,2609.1897920925894,622215.1825021474
121,6599.557392166587,4006.994131740973,2592.5632604256143,618208.1883704064
122,6599.557392166587,4023.6899406232274,2575.86745154336,614184.4984297832
123,6599.557392166587,4040.4553153758243,2559.102076790763,610144.0431144073
124,6599.557392166587,4057.290545856557,2542.2668463100304,606086.7525685508
125,6599.557392166587,4074.1959231309593,2525.361469035628,602012.5566454198
126,6599.557392166587,4091.171739477338,2508.385652689249,597921.3849059425
127,6599.557392166587,4108.218288391827,2491.33910377476,593813.1666175507
128,6599.557392166587,4125.3358645934595,2474.221527573128,589687.8307529571
129,6599.557392166587,4142.5247640292655,2457.0326281373214,585545.3059889278
130,6599.557392166587,4159.785283879388,2439.7721082871994,581385.5207050485
131,6599.557392166587,4177.117722562219,2422.4396696043686,577208.4029824863
132,6599.557392166587,4194.522379739561,2405.0350124270262,573013.8806027467
133,6599.557392166587,4211.999556321809,2387.557835844778,568801.881046425
134,6599.557392166587,4229.549554473149,2370.0078376934375,564572.3314919518
135,6599.557392166587,4247.172677616788,2352.3847145497994,560325.158814335
136,6599.557392166587,4264.869230440192,2334.6881617263957,556060.2895838948
137,6599.557392166587,4282.63951890036,2316.917873266228,551777.6500649945
138,6599.557392166587,4300.48385022911,2299.073541937477,547477.1662147654
139,6599.557392166587,4318.4025329383985,2281.1548592281893,543158.763681827
140,6599.557392166587,4336.395876825642,2263.1615153409457,538822.3678050013
141,6599.557392166587,4354.464192979081,2245.0931991875054,534467.9036120223
142,6599.557392166587,4372.6077937831615,2226.9495983834263,530095.2958182391
143,6599.557392166587,4390.826992923925,2208.7303992426628,525704.4688253151
144,6599.557392166587,4409.122105394441,2190.4352867721464,521295.3467199207
145,6599.557392166587,4427.493447500251,2172.0639446663363,516867.85327242047
146,6599.557392166587,4445.941336864835,2153.616055301752,512421.91193555563
147,6599.557392166587,4464.466092435106,2135.0912997314817,507957.4458431205
148,6599.557392166587,4483.068034486918,2116.489357679669,503474.3778086336
149,6599.557392166587,4501.747484630614,2097.8099075359733,498972.630324003
150,6599.557392166587,4520.504765816575,2079.0526263500124,494452.12555818644
151,6599.557392166587,4539.340202340811,2060.2171898257766,489912.78535584564
152,6599.557392166587,4558.254119850564,2041.3032723160234,485354.53123599506
153,6599.557392166587,4577.246845349941,2022.3105468166461,480777.2843906451
154,6599.557392166587,4596.318707205566,2003.2386849610211,476180.9656834395
155,6599.557392166587,4615.470035152256,1984.0873570143312,471565.49564828724
156,6599.557392166587,4634.701160298724,1964.8562318678635,466930.7944879885
157,6599.557392166587,4654.012415133302,1945.5449770332855,462276.7820728552
158,6599.557392166587,4673.404133529691,1926.1532586368967,457603.3779393255
159,6599.557392166587,4692.876650752731,1906.6807414138564,452910.5012885728
160,6599.557392166587,4712.430303464201,1887.1270887023866,448198.0709851086
161,6599.557392166587,4732.065429728635,1867.4919624379525,443466.00555537996
162,6599.557392166587,4751.782369019171,1847.7750231474165,438714.2231863608
163,6599.557392166587,4771.5814622234175,1827.9759299431698,433942.64172413736
164,6599.557392166587,4791.463051649348,1808.094340517239,429151.178672488
165,6599.557392166587,4811.427481031221,1788.1299111353667,424339.7511914568
166,6599.557392166587,4831.4750955355175,1768.08229663107,419508.2760959213
167,6599.557392166587,4851.606241766915,1747.951150399672,414656.6698541544
168,6599.557392166587,4871.821267774278,1727.7361243923099,409784.84858638013
169,6599.557392166587,4892.12052305667,1707.436869109917,404892.7280633235
170,6599.557392166587,4912.504358569406,1687.0530335971812,399980.2237047541
171,6599.557392166587,4932.973126730112,1666.5842654364753,395047.25057802396
172,6599.557392166587,4953.527181424821,1646.0302107417665,390093.7233965991
173,6599.557392166587,4974.166878014091,1625.3905141524963,385119.556518585
174,6599.557392166587,4994.89257333915,1604.6648188274376,380124.66394524585
175,6599.557392166587,5015.704625728063,1583.8527664385244,375108.9593195178
176,6599.557392166587,5036.60339500193,1562.9539971646573,370072.35592451587
177,6599.557392166587,5057.5892424811045,1541.9681496854828,365014.76668203477
178,6599.557392166587,5078.6625309914425,1520.8948611751448,359936.10415104334
179,6599.557392166587,5099.823624870573,1499.7337672960139,354836.2805261728
180,6599.557392166587,5121.072889974201,1478.4845021923866,349715.20763619855
181,6599.557392166587,5142.410693682426,1457.1466984841607,344572.7969425161
182,6599.557392166587,5163.837404906104,1435.7199872604838,339408.95953761
183,6599.557392166587,5185.353394093212,1414.203998073375,334223.6061435168
184,6599.557392166587,5206.959033235267,1392.5983589313198,329016.6471102815
185,6599.557392166587,5228.654695873747,1370.9026962928397,323787.9924144078
186,6599.557392166587,5250.440757106555,1349.1166350600324,318537.5516573012
187,6599.557392166587,5272.317593594499,1327.2397985720884,313265.2340637067
188,6599.557392166587,5294.285583567809,1305.2718085987779,307970.9484801389
189,6599.557392166587,5316.345106832675,1283.2122853339122,302654.6033733062
190,6599.557392166587,5338.496544777811,1261.060847388776,297316.1068285284
191,6599.557392166587,5360.740280381053,1238.817111785535,291955.36654814734
192,6599.557392166587,5383.076698215973,1216.4806939506138,286572.2898499314
193,6599.557392166587,5405.50618445854,1194.0512077080473,281166.7836654728
194,6599.557392166587,5428.0291268937835,1171.5282652728033,275738.754538579
195,6599.557392166587,5450.645914922508,1148.9114772440794,270288.1086236565
196,6599.557392166587,5473.356939568019,1126.2004525985687,264814.7516840885
197,6599.557392166587,5496.162593482885,1103.394798683702,259318.58909060562
198,6599.557392166587,5519.06327095573,1080.4941212108567,253799.5258196499
199,6599.557392166587,5542.059367918046,1057.4980242485412,248257.46645173186
200,6599.557392166587,5565.151281951038,1034.4061102155495,242692.31516978084
201,6599.557392166587,5588.3394122925,1011.2179798740868,237103.97575748834
202,6599.557392166587,5611.624159843719,987.9332323228681,231492.35159764462
203,6599.557392166587,5635.005927176401,964.5514649901859,225857.34567046823
204,6599.557392166587,5658.4851185396365,941.072273626951,220198.8605519286
205,6599.557392166587,5682.0621398668845,917.4952522997025,214516.79841206173
206,6599.557392166587,5705.737398782997,893.8199933835905,208811.06101327873
207,6599.557392166587,5729.511304611259,870.046087555328,203081.54970866747
208,6599.557392166587,5753.384268380472,846.1731237861145,197328.165440287
209,6599.557392166587,5777.356702832058,822.2006893345292,191550.80873745494
210,6599.557392166587,5801.429022427192,798.1283697393956,185749.37971502775
211,6599.557392166587,5825.601643353972,773.9557488126156,179923.7780716738
212,6599.557392166587,5849.874983534613,749.6824086319741,174073.90308813917
213,6599.557392166587,5874.249462632674,725.3079295339132,168199.6536255065
214,6599.557392166587,5898.72550206031,700.8318901062771,162300.92812344618
215,6599.557392166587,5923.303524985562,676.2538671810257,156377.62459846062
216,6599.557392166587,5947.983956339668,651.5734358269192,150429.64064212094
217,6599.557392166587,5972.767222824416,626.7901693421705,144456.87341929652
218,6599.557392166587,5997.653752919518,601.9036392470688,138459.219666377
219,6599.557392166587,6022.643976890016,576.9134152765708,132436.57568948698
220,6599.557392166587,6047.738326793725,551.8190653728624,126388.83736269326
221,6599.557392166587,6072.9372364886985,526.6201556778885,120315.90012620456
222,6599.557392166587,6098.241141640735,501.31625052585235,114217.65898456382
223,6599.557392166587,6123.650479730904,475.9069124356826,108094.00850483292
224,6599.557392166587,6149.165690063117,450.3917021034705,101944.8428147698
225,6599.557392166587,6174.787213771713,424.77017839487416,95770.05560099808
226,6599.557392166587,6200.515493829095,399.041898337492,89569.54010716898
227,6599.557392166587,6226.350975053383,373.2064171132041,83343.1891321156
228,6599.557392166587,6252.294104116106,347.26328805048166,77090.89502799949
229,6599.557392166587,6278.345329549923,321.2120626166645,70812.54969844957
230,6599.557392166587,6304.505101756381,295.0522904102065,64508.04459669319
231,6599.557392166587,6330.773873013699,268.7835191528883,58177.27072367949
232,6599.557392166587,6357.15209748459,242.40529468199787,51820.1186261949
233,6599.557392166587,6383.640231224109,215.91716094247874,45436.478394970785
234,6599.557392166587,6410.238732187542,189.31865997904492,39026.23966278324
235,6599.557392166587,6436.948060238324,162.60933192826352,32589.29160254492
236,6599.557392166587,6463.768677155984,135.78871501060382,26125.522925388934
237,6599.557392166587,6490.701046644133,108.85634552245389,19634.8218787448
238,6599.557392166587,6517.745634338484,81.81175782810332,13117.076244406315
239,6599.557392166587,6544.902907814894,54.65448435169298,6572.173336591421
240,6599.557392166587,6572.173336597456,27.38405556913092,-6.035406840965152e-09
